http://eng.ib-studio.ru/|ok|text/html|14538||00:01.356||http://eng.ib-studio.ru/|1
http://gmpg.org/xfn/11|skip external||||||http://eng.ib-studio.ru/|1
http://eng.ib-studio.ru/feed/|ok|application/rss+xml|83706||00:00.825||http://eng.ib-studio.ru/feed/|1
http://eng.ib-studio.ru/comments/feed/|ok|application/rss+xml|1430||00:00.587||http://eng.ib-studio.ru/comments/feed/|2
http://eng.ib-studio.ru/xmlrpc.php?rsd|not found|application/rss+xml|1093||00:00.587|HTTP/1.1 503 Service Temporarily Unavailable|http://eng.ib-studio.ru/xmlrpc.php?rsd|2
http://eng.ib-studio.ru/wp-includes/wlwmanifest.xml|ok|application/xml|1045||00:00.183||http://eng.ib-studio.ru/wp-includes/wlwmanifest.xml|2
http://eng.ib-studio.ru/wp-json/oembed/1.0/embed?url=http%3A%2F%2Feng.ib-studio.ru%2F|ok|application/json|2291||00:00.393||http://eng.ib-studio.ru/wp-json/oembed/1.0/embed?url=http%3A%2F%2Feng.ib-studio.ru%2F|2
http://eng.ib-studio.ru/wp-json/oembed/1.0/embed?url=http%3A%2F%2Feng.ib-studio.ru%2F&|ok|application/json|2291||00:00.385||http://eng.ib-studio.ru/wp-json/oembed/1.0/embed?url=http%3A%2F%2Feng.ib-studio.ru%2F&|2
http://eng.ib-studio.ru/topics/157/|ok|text/html|31099||00:00.533||http://eng.ib-studio.ru/topics/157/|2
http://eng.ib-studio.ru/topics/142/|ok|text/html|32328||00:00.545||http://eng.ib-studio.ru/topics/142/|2
http://eng.ib-studio.ru/topics/124/|ok|text/html|37286||00:00.505||http://eng.ib-studio.ru/topics/124/|2
http://eng.ib-studio.ru/topics/122/|ok|text/html|14122||00:00.452||http://eng.ib-studio.ru/topics/122/|2
http://eng.ib-studio.ru/topics/118/|ok|text/html|16582||00:00.470||http://eng.ib-studio.ru/topics/118/|2
http://eng.ib-studio.ru/topics/115/|ok|text/html|17418||00:00.472||http://eng.ib-studio.ru/topics/115/|2
http://eng.ib-studio.ru/topics/101/|ok|text/html|19012||00:00.470||http://eng.ib-studio.ru/topics/101/|2
http://eng.ib-studio.ru/topics/96/|ok|text/html|15666||00:00.449||http://eng.ib-studio.ru/topics/96/|2
http://eng.ib-studio.ru/topics/94/|ok|text/html|16952||00:00.449||http://eng.ib-studio.ru/topics/94/|2
http://eng.ib-studio.ru/topics/91/|ok|text/html|15760||00:00.444||http://eng.ib-studio.ru/topics/91/|2
http://eng.ib-studio.ru/topics/4/|ok|text/html|15838||00:00.446||http://eng.ib-studio.ru/topics/4/|2
https://wordpress.org/|skip external||||||http://eng.ib-studio.ru/|1
http://eng.ib-studio.ru/xmlrpc.php|not found|text/html|1083||00:00.446|HTTP/1.1 503 Service Temporarily Unavailable|http://eng.ib-studio.ru/xmlrpc.php|3
http://eng.ib-studio.ru/topics/157/feed/|ok|application/rss+xml|786||00:00.368||http://eng.ib-studio.ru/topics/157/feed/|3
http://eng.ib-studio.ru/wp-json/oembed/1.0/embed?url=http%3A%2F%2Feng.ib-studio.ru%2Ftopics%2F157%2F|ok|application/json|2416||00:00.388||http://eng.ib-studio.ru/wp-json/oembed/1.0/embed?url=http%3A%2F%2Feng.ib-studio.ru%2Ftopics%2F157%2F|3
http://eng.ib-studio.ru/wp-json/oembed/1.0/embed?url=http%3A%2F%2Feng.ib-studio.ru%2Ftopics%2F157%2F&|ok|application/json|2416||00:00.397||http://eng.ib-studio.ru/wp-json/oembed/1.0/embed?url=http%3A%2F%2Feng.ib-studio.ru%2Ftopics%2F157%2F&|3
http://eng.ib-studio.ru/topics/157/2/|ok|text/html|21126||00:00.437||http://eng.ib-studio.ru/topics/157/2/|3
http://eng.ib-studio.ru/topics/author/admin/|ok|text/html|109243||00:00.709||http://eng.ib-studio.ru/topics/author/admin/|3
http://eng.ib-studio.ru/topics/category/item/|ok|text/html|109234||00:00.700||http://eng.ib-studio.ru/topics/category/item/|3
http://eng.ib-studio.ru/topics/tag/self-discipline/|ok|text/html|50220||00:00.582||http://eng.ib-studio.ru/topics/tag/self-discipline/|3
http://eng.ib-studio.ru/topics/tag/%d0%b2%d0%b8%d0%b4%d0%b5%d0%be/|ok|text/html|50185||00:00.589||http://eng.ib-studio.ru/topics/tag/%d0%b2%d0%b8%d0%b4%d0%b5%d0%be/|3
http://eng.ib-studio.ru/topics/tag/%d1%81%d0%b0%d0%bc%d0%be%d1%80%d0%b0%d0%b7%d0%b2%d0%b8%d1%82%d0%b8%d0%b5/|ok|text/html|50248||00:00.546||http://eng.ib-studio.ru/topics/tag/%d1%81%d0%b0%d0%bc%d0%be%d1%80%d0%b0%d0%b7%d0%b2%d0%b8%d1%82%d0%b8%d0%b5/|3
http://eng.ib-studio.ru/wp-login.php?redirect_to=http%3A%2F%2Feng.ib-studio.ru%2Ftopics%2F157%2F|not found|text/html|965||00:00.546|HTTP/1.1 503 Service Temporarily Unavailable|http://eng.ib-studio.ru/wp-login.php?redirect_to=http%3A%2F%2Feng.ib-studio.ru%2Ftopics%2F157%2F|3
http://eng.ib-studio.ru/topics/142/feed/|ok|application/rss+xml|747||00:00.369||http://eng.ib-studio.ru/topics/142/feed/|3
http://eng.ib-studio.ru/wp-json/oembed/1.0/embed?url=http%3A%2F%2Feng.ib-studio.ru%2Ftopics%2F142%2F|ok|application/json|2305||00:00.400||http://eng.ib-studio.ru/wp-json/oembed/1.0/embed?url=http%3A%2F%2Feng.ib-studio.ru%2Ftopics%2F142%2F|3
http://eng.ib-studio.ru/wp-json/oembed/1.0/embed?url=http%3A%2F%2Feng.ib-studio.ru%2Ftopics%2F142%2F&|ok|application/json|2305||00:00.405||http://eng.ib-studio.ru/wp-json/oembed/1.0/embed?url=http%3A%2F%2Feng.ib-studio.ru%2Ftopics%2F142%2F&|3
http://eng.ib-studio.ru/topics/142/2/|ok|text/html|25880||00:00.560||http://eng.ib-studio.ru/topics/142/2/|3
http://eng.ib-studio.ru/wp-login.php?redirect_to=http%3A%2F%2Feng.ib-studio.ru%2Ftopics%2F142%2F|not found|text/html|1083||00:00.560|HTTP/1.1 503 Service Temporarily Unavailable|http://eng.ib-studio.ru/wp-login.php?redirect_to=http%3A%2F%2Feng.ib-studio.ru%2Ftopics%2F142%2F|3
http://eng.ib-studio.ru/topics/124/feed/|ok|application/rss+xml|736||00:00.399||http://eng.ib-studio.ru/topics/124/feed/|3
http://eng.ib-studio.ru/wp-json/oembed/1.0/embed?url=http%3A%2F%2Feng.ib-studio.ru%2Ftopics%2F124%2F|ok|application/json|2272||00:00.409||http://eng.ib-studio.ru/wp-json/oembed/1.0/embed?url=http%3A%2F%2Feng.ib-studio.ru%2Ftopics%2F124%2F|3
http://eng.ib-studio.ru/wp-json/oembed/1.0/embed?url=http%3A%2F%2Feng.ib-studio.ru%2Ftopics%2F124%2F&|ok|application/json|2272||00:00.401||http://eng.ib-studio.ru/wp-json/oembed/1.0/embed?url=http%3A%2F%2Feng.ib-studio.ru%2Ftopics%2F124%2F&|3
http://eng.ib-studio.ru/topics/124/2/|ok|text/html|37464||00:00.520||http://eng.ib-studio.ru/topics/124/2/|3
http://eng.ib-studio.ru/topics/124/3/|ok|text/html|38750||00:00.529||http://eng.ib-studio.ru/topics/124/3/|3
http://eng.ib-studio.ru/topics/124/4/|ok|text/html|37498||00:00.529||http://eng.ib-studio.ru/topics/124/4/|3
http://eng.ib-studio.ru/topics/124/5/|ok|text/html|37702||00:00.533||http://eng.ib-studio.ru/topics/124/5/|3
http://eng.ib-studio.ru/topics/124/6/|ok|text/html|37316||00:00.531||http://eng.ib-studio.ru/topics/124/6/|3
http://eng.ib-studio.ru/topics/124/7/|ok|text/html|37250||00:00.545||http://eng.ib-studio.ru/topics/124/7/|3
http://eng.ib-studio.ru/topics/124/8/|ok|text/html|37191||00:00.522||http://eng.ib-studio.ru/topics/124/8/|3
http://eng.ib-studio.ru/topics/124/9/|ok|text/html|38251||00:00.507||http://eng.ib-studio.ru/topics/124/9/|3
http://eng.ib-studio.ru/topics/124/10/|ok|text/html|38373||00:00.500||http://eng.ib-studio.ru/topics/124/10/|3
http://eng.ib-studio.ru/topics/124/11/|ok|text/html|37274||00:00.500||http://eng.ib-studio.ru/topics/124/11/|3
http://eng.ib-studio.ru/topics/124/12/|ok|text/html|38653||00:00.511||http://eng.ib-studio.ru/topics/124/12/|3
http://eng.ib-studio.ru/topics/124/13/|ok|text/html|39166||00:00.503||http://eng.ib-studio.ru/topics/124/13/|3
http://eng.ib-studio.ru/topics/124/14/|ok|text/html|37822||00:00.524||http://eng.ib-studio.ru/topics/124/14/|3
http://eng.ib-studio.ru/topics/124/15/|ok|text/html|37943||00:00.546||http://eng.ib-studio.ru/topics/124/15/|3
http://eng.ib-studio.ru/topics/124/16/|ok|text/html|37221||00:00.520||http://eng.ib-studio.ru/topics/124/16/|3
http://eng.ib-studio.ru/topics/124/17/|ok|text/html|36798||00:00.520||http://eng.ib-studio.ru/topics/124/17/|3
http://eng.ib-studio.ru/topics/124/18/|ok|text/html|37509||00:00.532||http://eng.ib-studio.ru/topics/124/18/|3
http://eng.ib-studio.ru/topics/124/19/|ok|text/html|37393||00:00.521||http://eng.ib-studio.ru/topics/124/19/|3
http://eng.ib-studio.ru/topics/124/20/|ok|text/html|37616||00:00.527||http://eng.ib-studio.ru/topics/124/20/|3
http://eng.ib-studio.ru/topics/124/21/|ok|text/html|37954||00:00.502||http://eng.ib-studio.ru/topics/124/21/|3
http://eng.ib-studio.ru/topics/124/22/|ok|text/html|38205||00:00.497||http://eng.ib-studio.ru/topics/124/22/|3
http://eng.ib-studio.ru/topics/124/23/|ok|text/html|38314||00:00.525||http://eng.ib-studio.ru/topics/124/23/|3
http://eng.ib-studio.ru/topics/124/24/|ok|text/html|37225||00:00.514||http://eng.ib-studio.ru/topics/124/24/|3
http://eng.ib-studio.ru/topics/124/25/|ok|text/html|37131||00:00.499||http://eng.ib-studio.ru/topics/124/25/|3
http://eng.ib-studio.ru/topics/124/26/|ok|text/html|37707||00:00.507||http://eng.ib-studio.ru/topics/124/26/|3
http://eng.ib-studio.ru/topics/124/27/|ok|text/html|37189||00:00.512||http://eng.ib-studio.ru/topics/124/27/|3
http://eng.ib-studio.ru/topics/124/28/|ok|text/html|36900||00:00.498||http://eng.ib-studio.ru/topics/124/28/|3
http://eng.ib-studio.ru/topics/124/29/|ok|text/html|37789||00:00.532||http://eng.ib-studio.ru/topics/124/29/|3
http://eng.ib-studio.ru/topics/124/30/|ok|text/html|37709||00:00.520||http://eng.ib-studio.ru/topics/124/30/|3
http://eng.ib-studio.ru/topics/124/31/|ok|text/html|37817||00:00.523||http://eng.ib-studio.ru/topics/124/31/|3
http://eng.ib-studio.ru/topics/124/32/|ok|text/html|38028||00:00.526||http://eng.ib-studio.ru/topics/124/32/|3
http://eng.ib-studio.ru/topics/124/33/|ok|text/html|38286||00:00.524||http://eng.ib-studio.ru/topics/124/33/|3
http://eng.ib-studio.ru/topics/124/34/|ok|text/html|37836||00:00.536||http://eng.ib-studio.ru/topics/124/34/|3
http://eng.ib-studio.ru/topics/124/35/|ok|text/html|37783||00:00.510||http://eng.ib-studio.ru/topics/124/35/|3
http://eng.ib-studio.ru/topics/124/36/|ok|text/html|36928||00:00.521||http://eng.ib-studio.ru/topics/124/36/|3
http://eng.ib-studio.ru/topics/124/37/|ok|text/html|37566||00:00.521||http://eng.ib-studio.ru/topics/124/37/|3
http://eng.ib-studio.ru/topics/124/38/|ok|text/html|37260||00:00.524||http://eng.ib-studio.ru/topics/124/38/|3
http://eng.ib-studio.ru/topics/124/39/|ok|text/html|37670||00:00.499||http://eng.ib-studio.ru/topics/124/39/|3
http://eng.ib-studio.ru/topics/124/40/|ok|text/html|37029||00:00.494||http://eng.ib-studio.ru/topics/124/40/|3
http://eng.ib-studio.ru/topics/124/41/|ok|text/html|38076||00:00.531||http://eng.ib-studio.ru/topics/124/41/|3
http://eng.ib-studio.ru/topics/124/42/|ok|text/html|38472||00:00.521||http://eng.ib-studio.ru/topics/124/42/|3
http://eng.ib-studio.ru/topics/124/43/|ok|text/html|38691||00:00.504||http://eng.ib-studio.ru/topics/124/43/|3
http://eng.ib-studio.ru/topics/124/44/|ok|text/html|38393||00:00.501||http://eng.ib-studio.ru/topics/124/44/|3
http://eng.ib-studio.ru/topics/124/45/|ok|text/html|38351||00:00.517||http://eng.ib-studio.ru/topics/124/45/|3
http://eng.ib-studio.ru/topics/124/46/|ok|text/html|36963||00:00.520||http://eng.ib-studio.ru/topics/124/46/|3
http://eng.ib-studio.ru/topics/124/47/|ok|text/html|36498||00:00.528||http://eng.ib-studio.ru/topics/124/47/|3
http://eng.ib-studio.ru/topics/124/48/|ok|text/html|37517||00:00.524||http://eng.ib-studio.ru/topics/124/48/|3
http://eng.ib-studio.ru/topics/124/49/|ok|text/html|36898||00:00.503||http://eng.ib-studio.ru/topics/124/49/|3
http://eng.ib-studio.ru/topics/124/50/|ok|text/html|37661||00:00.495||http://eng.ib-studio.ru/topics/124/50/|3
http://eng.ib-studio.ru/topics/124/51/|ok|text/html|36618||00:00.506||http://eng.ib-studio.ru/topics/124/51/|3
http://eng.ib-studio.ru/topics/124/52/|ok|text/html|37868||00:00.525||http://eng.ib-studio.ru/topics/124/52/|3
http://eng.ib-studio.ru/topics/124/53/|ok|text/html|38366||00:00.527||http://eng.ib-studio.ru/topics/124/53/|3
http://eng.ib-studio.ru/topics/124/54/|ok|text/html|36964||00:00.525||http://eng.ib-studio.ru/topics/124/54/|3
http://eng.ib-studio.ru/topics/124/55/|ok|text/html|37331||00:00.526||http://eng.ib-studio.ru/topics/124/55/|3
http://eng.ib-studio.ru/topics/124/56/|ok|text/html|36755||00:00.498||http://eng.ib-studio.ru/topics/124/56/|3
http://eng.ib-studio.ru/topics/124/57/|ok|text/html|35900||00:00.503||http://eng.ib-studio.ru/topics/124/57/|3
http://eng.ib-studio.ru/topics/tag/books/|ok|text/html|35572||00:00.502||http://eng.ib-studio.ru/topics/tag/books/|3
http://eng.ib-studio.ru/topics/tag/james-hadley-chase/|ok|text/html|35637||00:00.523||http://eng.ib-studio.ru/topics/tag/james-hadley-chase/|3
http://eng.ib-studio.ru/wp-login.php?redirect_to=http%3A%2F%2Feng.ib-studio.ru%2Ftopics%2F124%2F|not found|text/html|965||00:00.523|HTTP/1.1 503 Service Temporarily Unavailable|http://eng.ib-studio.ru/wp-login.php?redirect_to=http%3A%2F%2Feng.ib-studio.ru%2Ftopics%2F124%2F|3
http://eng.ib-studio.ru/topics/122/feed/|ok|application/rss+xml|726||00:00.374||http://eng.ib-studio.ru/topics/122/feed/|3
http://eng.ib-studio.ru/wp-json/oembed/1.0/embed?url=http%3A%2F%2Feng.ib-studio.ru%2Ftopics%2F122%2F|ok|application/json|2242||00:00.388||http://eng.ib-studio.ru/wp-json/oembed/1.0/embed?url=http%3A%2F%2Feng.ib-studio.ru%2Ftopics%2F122%2F|3
http://eng.ib-studio.ru/wp-json/oembed/1.0/embed?url=http%3A%2F%2Feng.ib-studio.ru%2Ftopics%2F122%2F&|ok|application/json|2242||00:00.407||http://eng.ib-studio.ru/wp-json/oembed/1.0/embed?url=http%3A%2F%2Feng.ib-studio.ru%2Ftopics%2F122%2F&|3
http://eng.ib-studio.ru/topics/tag/jokes/|ok|text/html|12376||00:00.404||http://eng.ib-studio.ru/topics/tag/jokes/|3
http://eng.ib-studio.ru/wp-login.php?redirect_to=http%3A%2F%2Feng.ib-studio.ru%2Ftopics%2F122%2F|not found|text/html|965||00:00.404|HTTP/1.1 503 Service Temporarily Unavailable|http://eng.ib-studio.ru/wp-login.php?redirect_to=http%3A%2F%2Feng.ib-studio.ru%2Ftopics%2F122%2F|3
http://eng.ib-studio.ru/topics/118/feed/|ok|application/rss+xml|728||00:00.376||http://eng.ib-studio.ru/topics/118/feed/|3
http://eng.ib-studio.ru/wp-json/oembed/1.0/embed?url=http%3A%2F%2Feng.ib-studio.ru%2Ftopics%2F118%2F|ok|application/json|2248||00:00.395||http://eng.ib-studio.ru/wp-json/oembed/1.0/embed?url=http%3A%2F%2Feng.ib-studio.ru%2Ftopics%2F118%2F|3
http://eng.ib-studio.ru/wp-json/oembed/1.0/embed?url=http%3A%2F%2Feng.ib-studio.ru%2Ftopics%2F118%2F&|ok|application/json|2248||00:00.387||http://eng.ib-studio.ru/wp-json/oembed/1.0/embed?url=http%3A%2F%2Feng.ib-studio.ru%2Ftopics%2F118%2F&|3
http://eng.ib-studio.ru/wp-login.php?redirect_to=http%3A%2F%2Feng.ib-studio.ru%2Ftopics%2F118%2F|not found|application/json|2248||00:00.387|HTTP/1.1 503 Service Temporarily Unavailable|http://eng.ib-studio.ru/wp-login.php?redirect_to=http%3A%2F%2Feng.ib-studio.ru%2Ftopics%2F118%2F|3
http://eng.ib-studio.ru/topics/115/feed/|ok|application/rss+xml|731||00:00.375||http://eng.ib-studio.ru/topics/115/feed/|3
http://eng.ib-studio.ru/wp-json/oembed/1.0/embed?url=http%3A%2F%2Feng.ib-studio.ru%2Ftopics%2F115%2F|ok|application/json|2253||00:00.394||http://eng.ib-studio.ru/wp-json/oembed/1.0/embed?url=http%3A%2F%2Feng.ib-studio.ru%2Ftopics%2F115%2F|3
http://eng.ib-studio.ru/wp-json/oembed/1.0/embed?url=http%3A%2F%2Feng.ib-studio.ru%2Ftopics%2F115%2F&|ok|application/json|2253||00:00.386||http://eng.ib-studio.ru/wp-json/oembed/1.0/embed?url=http%3A%2F%2Feng.ib-studio.ru%2Ftopics%2F115%2F&|3
http://eng.ib-studio.ru/wp-login.php?redirect_to=http%3A%2F%2Feng.ib-studio.ru%2Ftopics%2F115%2F|not found|application/json|2253||00:00.386|HTTP/1.1 503 Service Temporarily Unavailable|http://eng.ib-studio.ru/wp-login.php?redirect_to=http%3A%2F%2Feng.ib-studio.ru%2Ftopics%2F115%2F|3
http://eng.ib-studio.ru/topics/101/feed/|ok|application/rss+xml|726||00:00.383||http://eng.ib-studio.ru/topics/101/feed/|3
http://eng.ib-studio.ru/wp-json/oembed/1.0/embed?url=http%3A%2F%2Feng.ib-studio.ru%2Ftopics%2F101%2F|ok|application/json|2242||00:00.388||http://eng.ib-studio.ru/wp-json/oembed/1.0/embed?url=http%3A%2F%2Feng.ib-studio.ru%2Ftopics%2F101%2F|3
http://eng.ib-studio.ru/wp-json/oembed/1.0/embed?url=http%3A%2F%2Feng.ib-studio.ru%2Ftopics%2F101%2F&|ok|application/json|2242||00:00.398||http://eng.ib-studio.ru/wp-json/oembed/1.0/embed?url=http%3A%2F%2Feng.ib-studio.ru%2Ftopics%2F101%2F&|3
http://eng.ib-studio.ru/wp-login.php?redirect_to=http%3A%2F%2Feng.ib-studio.ru%2Ftopics%2F101%2F|not found|application/json|2242||00:00.398|HTTP/1.1 503 Service Temporarily Unavailable|http://eng.ib-studio.ru/wp-login.php?redirect_to=http%3A%2F%2Feng.ib-studio.ru%2Ftopics%2F101%2F|3
http://eng.ib-studio.ru/topics/96/feed/|ok|application/rss+xml|733||00:00.377||http://eng.ib-studio.ru/topics/96/feed/|3
http://eng.ib-studio.ru/wp-json/oembed/1.0/embed?url=http%3A%2F%2Feng.ib-studio.ru%2Ftopics%2F96%2F|ok|application/json|2267||00:00.396||http://eng.ib-studio.ru/wp-json/oembed/1.0/embed?url=http%3A%2F%2Feng.ib-studio.ru%2Ftopics%2F96%2F|3
http://eng.ib-studio.ru/wp-json/oembed/1.0/embed?url=http%3A%2F%2Feng.ib-studio.ru%2Ftopics%2F96%2F&|ok|application/json|2267||00:00.397||http://eng.ib-studio.ru/wp-json/oembed/1.0/embed?url=http%3A%2F%2Feng.ib-studio.ru%2Ftopics%2F96%2F&|3
http://eng.ib-studio.ru/wp-login.php?redirect_to=http%3A%2F%2Feng.ib-studio.ru%2Ftopics%2F96%2F|not found|application/json|2267||00:00.397|HTTP/1.1 503 Service Temporarily Unavailable|http://eng.ib-studio.ru/wp-login.php?redirect_to=http%3A%2F%2Feng.ib-studio.ru%2Ftopics%2F96%2F|3
http://eng.ib-studio.ru/topics/94/feed/|ok|application/rss+xml|711||00:00.378||http://eng.ib-studio.ru/topics/94/feed/|3
http://eng.ib-studio.ru/wp-json/oembed/1.0/embed?url=http%3A%2F%2Feng.ib-studio.ru%2Ftopics%2F94%2F|ok|application/json|2201||00:00.399||http://eng.ib-studio.ru/wp-json/oembed/1.0/embed?url=http%3A%2F%2Feng.ib-studio.ru%2Ftopics%2F94%2F|3
http://eng.ib-studio.ru/wp-json/oembed/1.0/embed?url=http%3A%2F%2Feng.ib-studio.ru%2Ftopics%2F94%2F&|ok|application/json|2201||00:00.393||http://eng.ib-studio.ru/wp-json/oembed/1.0/embed?url=http%3A%2F%2Feng.ib-studio.ru%2Ftopics%2F94%2F&|3
http://eng.ib-studio.ru/wp-login.php?redirect_to=http%3A%2F%2Feng.ib-studio.ru%2Ftopics%2F94%2F|not found|application/json|2201||00:00.393|HTTP/1.1 503 Service Temporarily Unavailable|http://eng.ib-studio.ru/wp-login.php?redirect_to=http%3A%2F%2Feng.ib-studio.ru%2Ftopics%2F94%2F|3
http://eng.ib-studio.ru/topics/91/feed/|ok|application/rss+xml|712||00:00.369||http://eng.ib-studio.ru/topics/91/feed/|3
http://eng.ib-studio.ru/wp-json/oembed/1.0/embed?url=http%3A%2F%2Feng.ib-studio.ru%2Ftopics%2F91%2F|ok|application/json|2204||00:00.389||http://eng.ib-studio.ru/wp-json/oembed/1.0/embed?url=http%3A%2F%2Feng.ib-studio.ru%2Ftopics%2F91%2F|3
http://eng.ib-studio.ru/wp-json/oembed/1.0/embed?url=http%3A%2F%2Feng.ib-studio.ru%2Ftopics%2F91%2F&|ok|application/json|2204||00:00.396||http://eng.ib-studio.ru/wp-json/oembed/1.0/embed?url=http%3A%2F%2Feng.ib-studio.ru%2Ftopics%2F91%2F&|3
http://eng.ib-studio.ru/wp-login.php?redirect_to=http%3A%2F%2Feng.ib-studio.ru%2Ftopics%2F91%2F|not found|application/json|2204||00:00.396|HTTP/1.1 503 Service Temporarily Unavailable|http://eng.ib-studio.ru/wp-login.php?redirect_to=http%3A%2F%2Feng.ib-studio.ru%2Ftopics%2F91%2F|3
http://eng.ib-studio.ru/topics/4/feed/|ok|application/rss+xml|719||00:00.376||http://eng.ib-studio.ru/topics/4/feed/|3
http://eng.ib-studio.ru/wp-json/oembed/1.0/embed?url=http%3A%2F%2Feng.ib-studio.ru%2Ftopics%2F4%2F|ok|application/json|2229||00:00.389||http://eng.ib-studio.ru/wp-json/oembed/1.0/embed?url=http%3A%2F%2Feng.ib-studio.ru%2Ftopics%2F4%2F|3
http://eng.ib-studio.ru/wp-json/oembed/1.0/embed?url=http%3A%2F%2Feng.ib-studio.ru%2Ftopics%2F4%2F&|ok|application/json|2229||00:00.387||http://eng.ib-studio.ru/wp-json/oembed/1.0/embed?url=http%3A%2F%2Feng.ib-studio.ru%2Ftopics%2F4%2F&|3
http://eng.ib-studio.ru/topics/tag/%d1%8e%d0%bc%d0%be%d1%80/|ok|text/html|14174||00:00.461||http://eng.ib-studio.ru/topics/tag/%d1%8e%d0%bc%d0%be%d1%80/|3
http://eng.ib-studio.ru/wp-login.php?redirect_to=http%3A%2F%2Feng.ib-studio.ru%2Ftopics%2F4%2F|not found|text/html|965||00:00.461|HTTP/1.1 503 Service Temporarily Unavailable|http://eng.ib-studio.ru/wp-login.php?redirect_to=http%3A%2F%2Feng.ib-studio.ru%2Ftopics%2F4%2F|3
http://eng.ib-studio.ru/topics/1/|ok|text/html|14479||00:00.454||http://eng.ib-studio.ru/topics/1/|3
http://eng.ib-studio.ru/topics/author/admin/feed/|ok|application/rss+xml|83740||00:00.643||http://eng.ib-studio.ru/topics/author/admin/feed/|4
http://eng.ib-studio.ru/topics/author/admin/page/2/|ok|text/html|16320||00:00.453||http://eng.ib-studio.ru/topics/author/admin/page/2/|4
http://eng.ib-studio.ru/topics/category/item/feed/|ok|application/rss+xml|83746||00:00.695||http://eng.ib-studio.ru/topics/category/item/feed/|4
http://eng.ib-studio.ru/topics/category/item/page/2/|ok|text/html|14777||00:00.438||http://eng.ib-studio.ru/topics/category/item/page/2/|4
http://eng.ib-studio.ru/topics/tag/self-discipline/feed/|ok|application/rss+xml|38816||00:00.507||http://eng.ib-studio.ru/topics/tag/self-discipline/feed/|4
http://eng.ib-studio.ru/topics/tag/%d0%b2%d0%b8%d0%b4%d0%b5%d0%be/feed/|ok|application/rss+xml|38821||00:00.527||http://eng.ib-studio.ru/topics/tag/%d0%b2%d0%b8%d0%b4%d0%b5%d0%be/feed/|4
http://eng.ib-studio.ru/topics/tag/%d1%81%d0%b0%d0%bc%d0%be%d1%80%d0%b0%d0%b7%d0%b2%d0%b8%d1%82%d0%b8%d0%b5/feed/|ok|application/rss+xml|38870||00:00.504||http://eng.ib-studio.ru/topics/tag/%d1%81%d0%b0%d0%bc%d0%be%d1%80%d0%b0%d0%b7%d0%b2%d0%b8%d1%82%d0%b8%d0%b5/feed/|4
http://eng.ib-studio.ru/topics/tag/books/feed/|ok|application/rss+xml|16619||00:00.444||http://eng.ib-studio.ru/topics/tag/books/feed/|4
http://eng.ib-studio.ru/topics/tag/james-hadley-chase/feed/|ok|application/rss+xml|16645||00:00.461||http://eng.ib-studio.ru/topics/tag/james-hadley-chase/feed/|4
http://eng.ib-studio.ru/topics/tag/jokes/feed/|ok|application/rss+xml|2287||00:00.379||http://eng.ib-studio.ru/topics/tag/jokes/feed/|4
http://eng.ib-studio.ru/topics/tag/%d1%8e%d0%bc%d0%be%d1%80/feed/|ok|application/rss+xml|4383||00:00.422||http://eng.ib-studio.ru/topics/tag/%d1%8e%d0%bc%d0%be%d1%80/feed/|4
http://eng.ib-studio.ru/topics/1/feed/|ok|application/rss+xml|1405||00:00.370||http://eng.ib-studio.ru/topics/1/feed/|4
http://eng.ib-studio.ru/wp-json/oembed/1.0/embed?url=http%3A%2F%2Feng.ib-studio.ru%2Ftopics%2F1%2F|ok|application/json|2223||00:00.460||http://eng.ib-studio.ru/wp-json/oembed/1.0/embed?url=http%3A%2F%2Feng.ib-studio.ru%2Ftopics%2F1%2F|4
http://eng.ib-studio.ru/wp-json/oembed/1.0/embed?url=http%3A%2F%2Feng.ib-studio.ru%2Ftopics%2F1%2F&|ok|application/json|2223||00:00.444||http://eng.ib-studio.ru/wp-json/oembed/1.0/embed?url=http%3A%2F%2Feng.ib-studio.ru%2Ftopics%2F1%2F&|4
http://eng.ib-studio.ru/topics/category/uncategorized/|ok|text/html|11671||00:00.465||http://eng.ib-studio.ru/topics/category/uncategorized/|4
http://eng.ib-studio.ru/wp-login.php?redirect_to=http%3A%2F%2Feng.ib-studio.ru%2Ftopics%2F1%2F|not found|text/html|965||00:00.465|HTTP/1.1 503 Service Temporarily Unavailable|http://eng.ib-studio.ru/wp-login.php?redirect_to=http%3A%2F%2Feng.ib-studio.ru%2Ftopics%2F1%2F|4
http://eng.ib-studio.ru/topics/category/uncategorized/feed/|ok|application/rss+xml|1628||00:00.420||http://eng.ib-studio.ru/topics/category/uncategorized/feed/|5
